{"metadata":{"modules":{"imports":[],"exports":{"exported":[],"specifiers":[]}},"usedHelpers":[]},"ignored":false,"code":"/**\r\n * Created by BaoADR01 on 3/3/2016.\r\n */\nNhaXe = new Mongo.Collection(\"nhaxe\"); //\nTuyen = new Mongo.Collection(\"tuyen\"); //\nChuyen = new Mongo.Collection(\"chuyen\"); //\nDiemDung = new Mongo.Collection(\"diemdung\"); //\nXe = new Mongo.Collection(\"xe\");\nXe_Chuyen = new Mongo.Collection(\"xe_chuyen\"); //\nLaiXe = new Mongo.Collection(\"laixe\"); //\nTaxi = new Mongo.Collection(\"taxi\");\nDieuKien = new Mongo.Collection(\"dieukien\");\nChoTrong = new Mongo.Collection(\"chotrong\");\nDatve = new Mongo.Collection(\"datve\");\nDiemdung_TG = new Mongo.Collection(\"diemdung_tg\"); //","ast":null,"map":{"version":3,"sources":["/collections.js"],"names":[],"mappings":";;;AAGA,KAAK,GAAC,IAAI,KAAK,CAAC,UAAU,CAAC,OAAO,CAAC,CAAC;AACpC,KAAK,GAAC,IAAI,KAAK,CAAC,UAAU,CAAC,OAAO,CAAC,CAAC;AACpC,MAAM,GAAC,IAAI,KAAK,CAAC,UAAU,CAAC,QAAQ,CAAC,CAAC;AACtC,QAAQ,GAAC,IAAI,KAAK,CAAC,UAAU,CAAC,UAAU,CAAC,CAAC;AAC1C,EAAE,GAAC,IAAI,KAAK,CAAC,UAAU,CAAC,IAAI,CAAC,CAAC;AAC9B,SAAS,GAAC,IAAI,KAAK,CAAC,UAAU,CAAC,WAAW,CAAC,CAAC;AAC5C,KAAK,GAAC,IAAI,KAAK,CAAC,UAAU,CAAC,OAAO,CAAC,CAAC;AACpC,IAAI,GAAC,IAAI,KAAK,CAAC,UAAU,CAAC,MAAM,CAAC,CAAC;AAClC,QAAQ,GAAC,IAAI,KAAK,CAAC,UAAU,CAAC,UAAU,CAAC,CAAC;AAC1C,QAAQ,GAAC,IAAI,KAAK,CAAC,UAAU,CAAC,UAAU,CAAC,CAAC;AAC1C,KAAK,GAAC,IAAI,KAAK,CAAC,UAAU,CAAC,OAAO,CAAC,CAAC;AACpC,WAAW,GAAC,IAAI,KAAK,CAAC,UAAU,CAAC,aAAa,CAAC,CAAC","file":"/collections.js.map","sourcesContent":["/**\r\n * Created by BaoADR01 on 3/3/2016.\r\n */\r\nNhaXe=new Mongo.Collection(\"nhaxe\");  //\r\nTuyen=new Mongo.Collection(\"tuyen\"); //\r\nChuyen=new Mongo.Collection(\"chuyen\");//\r\nDiemDung=new Mongo.Collection(\"diemdung\");//\r\nXe=new Mongo.Collection(\"xe\");\r\nXe_Chuyen=new Mongo.Collection(\"xe_chuyen\");//\r\nLaiXe=new Mongo.Collection(\"laixe\");//\r\nTaxi=new Mongo.Collection(\"taxi\");\r\nDieuKien=new Mongo.Collection(\"dieukien\");\r\nChoTrong=new Mongo.Collection(\"chotrong\");\r\nDatve=new Mongo.Collection(\"datve\");\r\nDiemdung_TG=new Mongo.Collection(\"diemdung_tg\");//\r\n"]},"hash":"0e64cb2942349c7340db23fcde37e7c4196297de"}
