{"metadata":{"modules":{"imports":[],"exports":{"exported":[],"specifiers":[]}},"usedHelpers":[]},"ignored":false,"code":"/**\r\n * Created by BaoADR01 on 3/3/2016.\r\n */\nNhaXe = new Mongo.Collection(\"nhaxe\");\nNhaXe = new Mongo.Collection(\"nhaxe\");\nNhaXe = new Mongo.Collection(\"nhaxe\");\nNhaXe = new Mongo.Collection(\"nhaxe\");\nNhaXe = new Mongo.Collection(\"nhaxe\");\nNhaXe = new Mongo.Collection(\"nhaxe\");\nNhaXe = new Mongo.Collection(\"nhaxe\");\nNhaXe = new Mongo.Collection(\"nhaxe\");","ast":null,"map":{"version":3,"sources":["/server/collections.js"],"names":[],"mappings":";;;AAGA,KAAK,GAAC,IAAI,KAAK,CAAC,UAAU,CAAC,OAAO,CAAC,CAAC;AACpC,KAAK,GAAC,IAAI,KAAK,CAAC,UAAU,CAAC,OAAO,CAAC,CAAC;AACpC,KAAK,GAAC,IAAI,KAAK,CAAC,UAAU,CAAC,OAAO,CAAC,CAAC;AACpC,KAAK,GAAC,IAAI,KAAK,CAAC,UAAU,CAAC,OAAO,CAAC,CAAC;AACpC,KAAK,GAAC,IAAI,KAAK,CAAC,UAAU,CAAC,OAAO,CAAC,CAAC;AACpC,KAAK,GAAC,IAAI,KAAK,CAAC,UAAU,CAAC,OAAO,CAAC,CAAC;AACpC,KAAK,GAAC,IAAI,KAAK,CAAC,UAAU,CAAC,OAAO,CAAC,CAAC;AACpC,KAAK,GAAC,IAAI,KAAK,CAAC,UAAU,CAAC,OAAO,CAAC,CAAC","file":"/server/collections.js.map","sourcesContent":["/**\r\n * Created by BaoADR01 on 3/3/2016.\r\n */\r\nNhaXe=new Mongo.Collection(\"nhaxe\");\r\nNhaXe=new Mongo.Collection(\"nhaxe\");\r\nNhaXe=new Mongo.Collection(\"nhaxe\");\r\nNhaXe=new Mongo.Collection(\"nhaxe\");\r\nNhaXe=new Mongo.Collection(\"nhaxe\");\r\nNhaXe=new Mongo.Collection(\"nhaxe\");\r\nNhaXe=new Mongo.Collection(\"nhaxe\");\r\nNhaXe=new Mongo.Collection(\"nhaxe\");"]},"hash":"1ae1d4d0c131cf9ad916403830465094b4f4606a"}
