{"metadata":{"modules":{"imports":[],"exports":{"exported":[],"specifiers":[]}},"usedHelpers":[]},"ignored":false,"code":"/**\r\n * Created by BaoADR01 on 3/3/2016.\r\n */\nMeteor.startup(function () {\n    console.log('Server started');\n    if (Posts.find().count() == 0) {\n        console.log(\"database null !\");\n    }\n    var dummyPosts = [{\n        title: 'My First entry',\n        slug: 'my-first-entry',\n        description: 'Lorem ipsum dolor sit amet.',\n        text: 'Lorem ipsum dolor sit amet...',\n        timeCreated: moment().subtract(7, 'days').unix(),\n        author: 'John Doe'\n    }, {\n        title: 'My Second entry',\n        slug: 'my-second-entry',\n        description: 'Borem ipsum dolor sit.',\n        text: 'Lorem ipsum dolor sit amet...',\n        timeCreated: moment().subtract(5, 'days').unix(),\n        author: 'John Doe'\n    }, {\n        title: 'My Third entry',\n        slug: 'my-third-entry',\n        description: 'Dorem ipsum dolor sit amet.',\n        text: 'Lorem ipsum dolor sit amet...',\n        timeCreated: moment().subtract(3, 'days').unix(),\n        author: 'John Doe'\n    }, {\n        title: 'My Fourth entry',\n        slug: 'my-fourth-entry',\n        description: 'Sorem ipsum dolor sit amet.',\n        text: 'Lorem ipsum dolor sit amet...',\n        timeCreated: moment().subtract(2, 'days').unix(),\n        author: 'John Doe'\n    }, {\n        title: 'My Fifth entry',\n        slug: 'my-fifth-entry',\n        description: 'Korem ipsum dolor sit amet.',\n        text: 'Lorem ipsum dolor sit amet...',\n        timeCreated: moment().subtract(1, 'days').unix(),\n        author: 'John Doe'\n    }];\n\n    _.each(dummyPosts);\n});","ast":null,"map":{"version":3,"sources":["/server/main.js"],"names":[],"mappings":";;;AAGA,MAAM,CAAC,OAAO,CAAC,YAAY;AACvB,WAAO,CAAC,GAAG,CAAC,gBAAgB,CAAC,CAAC;AAC9B,QAAI,KAAK,CAAC,IAAI,EAAE,CAAC,KAAK,EAAE,IAAI,CAAC,EAAE;AAC3B,eAAO,CAAC,GAAG,CAAC,iBAAiB,CAAC,CAAC;KAClC;AACD,QAAI,UAAU,GAAG,CAAC;AACd,aAAK,EAAE,gBAAgB;AACvB,YAAI,EAAE,gBAAgB;AACtB,mBAAW,EAAE,6BAA6B;AAC1C,YAAI,EAAE,+BAA+B;AACrC,mBAAW,EAAE,MAAM,EAAE,CAAC,QAAQ,CAAC,CAAC,EAAE,MAAM,CAAC,CAAC,IAAI,EAAE;AAChD,cAAM,EAAE,UAAU;KACrB,EAAE;AACC,aAAK,EAAE,iBAAiB;AACxB,YAAI,EAAE,iBAAiB;AACvB,mBAAW,EAAE,wBAAwB;AACrC,YAAI,EAAE,+BAA+B;AACrC,mBAAW,EAAE,MAAM,EAAE,CAAC,QAAQ,CAAC,CAAC,EAAE,MAAM,CAAC,CAAC,IAAI,EAAE;AAChD,cAAM,EAAE,UAAU;KACrB,EAAE;AACC,aAAK,EAAE,gBAAgB;AACvB,YAAI,EAAE,gBAAgB;AACtB,mBAAW,EAAE,6BAA6B;AAC1C,YAAI,EAAE,+BAA+B;AACrC,mBAAW,EAAE,MAAM,EAAE,CAAC,QAAQ,CAAC,CAAC,EAAE,MAAM,CAAC,CAAC,IAAI,EAAE;AAChD,cAAM,EAAE,UAAU;KACrB,EAAE;AACC,aAAK,EAAE,iBAAiB;AACxB,YAAI,EAAE,iBAAiB;AACvB,mBAAW,EAAE,6BAA6B;AAC1C,YAAI,EAAE,+BAA+B;AACrC,mBAAW,EAAE,MAAM,EAAE,CAAC,QAAQ,CAAC,CAAC,EAAE,MAAM,CAAC,CAAC,IAAI,EAAE;AAChD,cAAM,EAAE,UAAU;KACrB,EAAE;AACC,aAAK,EAAE,gBAAgB;AACvB,YAAI,EAAE,gBAAgB;AACtB,mBAAW,EAAE,6BAA6B;AAC1C,YAAI,EAAE,+BAA+B;AACrC,mBAAW,EAAE,MAAM,EAAE,CAAC,QAAQ,CAAC,CAAC,EAAE,MAAM,CAAC,CAAC,IAAI,EAAE;AAChD,cAAM,EAAE,UAAU;KACrB,CAAC,CAAC;;AAEH,KAAC,CAAC,IAAI,CAAC,UAAU,CAAC,CAAA;CAErB,CAAC,CAAC","file":"/server/main.js.map","sourcesContent":["/**\r\n * Created by BaoADR01 on 3/3/2016.\r\n */\r\nMeteor.startup(function () {\r\n    console.log('Server started');\r\n    if (Posts.find().count() == 0) {\r\n        console.log(\"database null !\");\r\n    }\r\n    var dummyPosts = [{\r\n        title: 'My First entry',\r\n        slug: 'my-first-entry',\r\n        description: 'Lorem ipsum dolor sit amet.',\r\n        text: 'Lorem ipsum dolor sit amet...',\r\n        timeCreated: moment().subtract(7, 'days').unix(),\r\n        author: 'John Doe'\r\n    }, {\r\n        title: 'My Second entry',\r\n        slug: 'my-second-entry',\r\n        description: 'Borem ipsum dolor sit.',\r\n        text: 'Lorem ipsum dolor sit amet...',\r\n        timeCreated: moment().subtract(5, 'days').unix(),\r\n        author: 'John Doe'\r\n    }, {\r\n        title: 'My Third entry',\r\n        slug: 'my-third-entry',\r\n        description: 'Dorem ipsum dolor sit amet.',\r\n        text: 'Lorem ipsum dolor sit amet...',\r\n        timeCreated: moment().subtract(3, 'days').unix(),\r\n        author: 'John Doe'\r\n    }, {\r\n        title: 'My Fourth entry',\r\n        slug: 'my-fourth-entry',\r\n        description: 'Sorem ipsum dolor sit amet.',\r\n        text: 'Lorem ipsum dolor sit amet...',\r\n        timeCreated: moment().subtract(2, 'days').unix(),\r\n        author: 'John Doe'\r\n    }, {\r\n        title: 'My Fifth entry',\r\n        slug: 'my-fifth-entry',\r\n        description: 'Korem ipsum dolor sit amet.',\r\n        text: 'Lorem ipsum dolor sit amet...',\r\n        timeCreated: moment().subtract(1, 'days').unix(),\r\n        author: 'John Doe'\r\n    }];\r\n\r\n    _.each(dummyPosts)\r\n\r\n});"]},"hash":"23605133e45930ede7a52775885ae3952962195c"}
