{"metadata":{"modules":{"imports":[],"exports":{"exported":[],"specifiers":[]}},"usedHelpers":[]},"ignored":false,"code":"Router.configure({\n    layoutTemplate: 'layout',\n    notFoundTemplate: 'notFound'\n});","ast":null,"map":{"version":3,"sources":["/routes.js"],"names":[],"mappings":"AAAA,MAAM,CAAC,SAAS,CAAC;AACb,kBAAc,EAAE,QAAQ;AACxB,oBAAgB,EAAE,UAAU;CAC/B,CAAC,CAAC","file":"/routes.js.map","sourcesContent":["Router.configure({\r\n    layoutTemplate: 'layout',\r\n    notFoundTemplate: 'notFound'\r\n});\r\n\r\n"]},"hash":"252440bead99189da6a5d4026c4fd9949ac06eec"}
