{"metadata":{"modules":{"imports":[],"exports":{"exported":[],"specifiers":[]}},"usedHelpers":[]},"ignored":false,"code":"/**\r\n * Created by BaoADR01 on 3/3/2016.\r\n */\nTemplate.menu.helpers({\n    image: function () {\n        var src = \"images/placeholder-240x240.gif\";\n        if (this.profile) {\n            src = $.trim(this.profile.avatar);\n        }\n        return src;\n    }\n});","ast":null,"map":{"version":3,"sources":["/client/templates/menu.js"],"names":[],"mappings":";;;AAGA,QAAQ,CAAC,IAAI,CAAC,OAAO,CAAC;AAClB,SAAK,EAAC,YAAU;AACZ,YAAI,GAAG,GAAG,gCAAgC,CAAC;AAC3C,YAAG,IAAI,CAAC,OAAO,EAAC;AACZ,eAAG,GAAG,CAAC,CAAC,IAAI,CAAC,IAAI,CAAC,OAAO,CAAC,MAAM,CAAC,CAAC;SACrC;AACD,eAAO,GAAG,CAAC;KAAK;CACvB,CAAC,CAAC","file":"/client/templates/menu.js.map","sourcesContent":["/**\r\n * Created by BaoADR01 on 3/3/2016.\r\n */\r\nTemplate.menu.helpers({\r\n    image:function(){\r\n        var src = \"images/placeholder-240x240.gif\";\r\n        if(this.profile){\r\n            src = $.trim(this.profile.avatar);\r\n        }\r\n        return src;    }\r\n});"]},"hash":"35ee2fb54c77843eb88f73f8edee461ed8eefbe9"}
