{"metadata":{"modules":{"imports":[],"exports":{"exported":[],"specifiers":[]}},"usedHelpers":[]},"ignored":false,"code":"/**\r\n * Created by BaoADR01 on 3/3/2016.\r\n */\nTemplate.menu.helpers({\n    image: function () {\n        return;\n    }\n});","ast":null,"map":{"version":3,"sources":["/client/templates/menu.js"],"names":[],"mappings":";;;AAGA,QAAQ,CAAC,IAAI,CAAC,OAAO,CAAC;AAClB,SAAK,EAAC,YAAU;AACZ,eAAM;KACT;CACJ,CAAC,CAAC","file":"/client/templates/menu.js.map","sourcesContent":["/**\r\n * Created by BaoADR01 on 3/3/2016.\r\n */\r\nTemplate.menu.helpers({\r\n    image:function(){\r\n        return \r\n    }\r\n});"]},"hash":"3d984b87969bbc298f269957a80a6154c3386b17"}
