{"metadata":{"modules":{"imports":[],"exports":{"exported":[],"specifiers":[]}},"usedHelpers":[]},"ignored":false,"code":"if (Meteor.isClient) {\n  // counter starts at 0\n\n}\n\nif (Meteor.isServer) {\n  Meteor.startup(function () {\n    // code to run on server at startup\n  });\n}","ast":null,"map":{"version":3,"sources":["/theway.js"],"names":[],"mappings":"AAAA,IAAI,MAAM,CAAC,QAAQ,EAAE;;;CAGpB;;AAEG,IAAI,MAAM,CAAC,QAAQ,EAAE;AACnB,QAAM,CAAC,OAAO,CAAC,YAAY;;GAE9B,CAAC,CAAC;CACJ","file":"/theway.js.map","sourcesContent":["if (Meteor.isClient) {\n  // counter starts at 0\n\n}\n\n    if (Meteor.isServer) {\n      Meteor.startup(function () {\n    // code to run on server at startup\n  });\n}\n       \n"]},"hash":"622be295803fca248a12e302d74c417bbe45cbc5"}
