{"metadata":{"modules":{"imports":[],"exports":{"exported":[],"specifiers":[]}},"usedHelpers":[]},"ignored":false,"code":"Router.configure({\n    layoutTemplate: 'layout',\n    notFoundTemplate: 'notFound',\n    loadingTemplate: 'loading'\n});\n// #Routes -> Changing the website title\n//onAfterAction: function() {\n//    var data = Posts.findOne({slug: this.params.slug});\n//\n//    if(_.isObject(data) && !_.isArray(data))\n//        document.title = 'My Meteor Blog - '+ data.title;\n//    else\n//        document.title = 'My Meteor Blog - '+ this.route.getName();\n//}","ast":null,"map":{"version":3,"sources":["/routes.js"],"names":[],"mappings":"AAAA,MAAM,CAAC,SAAS,CAAC;AACb,kBAAc,EAAE,QAAQ;AACxB,oBAAgB,EAAE,UAAU;AAC5B,mBAAe,EAAE,SAAS;CAU7B,CAAC,CAAC","file":"/routes.js.map","sourcesContent":["Router.configure({\r\n    layoutTemplate: 'layout',\r\n    notFoundTemplate: 'notFound',\r\n    loadingTemplate: 'loading',\r\n    // #Routes -> Changing the website title\r\n    //onAfterAction: function() {\r\n    //    var data = Posts.findOne({slug: this.params.slug});\r\n    //\r\n    //    if(_.isObject(data) && !_.isArray(data))\r\n    //        document.title = 'My Meteor Blog - '+ data.title;\r\n    //    else\r\n    //        document.title = 'My Meteor Blog - '+ this.route.getName();\r\n    //}\r\n});\r\n\r\n\r\n\r\n\r\n\r\n"]},"hash":"6c53c385f2854aef8c09cbc6565bb0b7e89dbd91"}
