{"metadata":{"modules":{"imports":[],"exports":{"exported":[],"specifiers":[]}},"usedHelpers":[]},"ignored":false,"code":"/**\r\n * Created by BaoADR01 on 3/3/2016.\r\n */\nMeteor.startup(function () {\n    console.log('Server started');\n    if (Posts.find().count() == 0) {\n        console.log(\"database null !\");\n    }\n});","ast":null,"map":{"version":3,"sources":["/server/main.js"],"names":[],"mappings":";;;AAGA,MAAM,CAAC,OAAO,CAAC,YAAU;AACrB,WAAO,CAAC,GAAG,CAAC,gBAAgB,CAAC,CAAC;AAC9B,QAAG,KAAK,CAAC,IAAI,EAAE,CAAC,KAAK,EAAE,IAAE,CAAC,EAAC;AACvB,eAAO,CAAC,GAAG,CAAC,iBAAiB,CAAC,CAAC;KAClC;CACJ,CAAC,CAAC","file":"/server/main.js.map","sourcesContent":["/**\r\n * Created by BaoADR01 on 3/3/2016.\r\n */\r\nMeteor.startup(function(){\r\n    console.log('Server started');\r\n    if(Posts.find().count()==0){\r\n        console.log(\"database null !\");\r\n    }\r\n});"]},"hash":"6dbca9d581f0acc354f23a1c3264c8a2bde03219"}
