{"metadata":{"modules":{"imports":[],"exports":{"exported":[],"specifiers":[]}},"usedHelpers":[]},"ignored":false,"code":"/**\r\n * Created by BaoADR01 on 3/3/2016.\r\n */\nPosts = new Mongo.Collection('posts');","ast":null,"map":{"version":3,"sources":["/server/colections.js"],"names":[],"mappings":";;;AAGA,KAAK,GAAG,IAAI,KAAK,CAAC,UAAU,CAAC,OAAO,CAAC,CAAC","file":"/server/colections.js.map","sourcesContent":["/**\r\n * Created by BaoADR01 on 3/3/2016.\r\n */\r\nPosts = new Mongo.Collection('posts');"]},"hash":"7b63e53386f22e299365381ed690d4a138628589"}
