{"metadata":{"modules":{"imports":[],"exports":{"exported":[],"specifiers":[]}},"usedHelpers":[]},"ignored":false,"code":"/**\r\n * Created by BaoADR01 on 3/3/2016.\r\n */\nNhaXe = new Mongo.Collection(\"nhaxe\");\nTuyen = new Mongo.Collection(\"tuyen\");\nChuyen = new Mongo.Collection(\"chuyen\");\nNhaXe = new Mongo.Collection(\"nhaxe\");\nNhaXe = new Mongo.Collection(\"nhaxe\");\nNhaXe = new Mongo.Collection(\"nhaxe\");\nNhaXe = new Mongo.Collection(\"nhaxe\");\nNhaXe = new Mongo.Collection(\"nhaxe\");","ast":null,"map":{"version":3,"sources":["/server/collections.js"],"names":[],"mappings":";;;AAGA,KAAK,GAAC,IAAI,KAAK,CAAC,UAAU,CAAC,OAAO,CAAC,CAAC;AACpC,KAAK,GAAC,IAAI,KAAK,CAAC,UAAU,CAAC,OAAO,CAAC,CAAC;AACpC,MAAM,GAAC,IAAI,KAAK,CAAC,UAAU,CAAC,QAAQ,CAAC,CAAC;AACtC,KAAK,GAAC,IAAI,KAAK,CAAC,UAAU,CAAC,OAAO,CAAC,CAAC;AACpC,KAAK,GAAC,IAAI,KAAK,CAAC,UAAU,CAAC,OAAO,CAAC,CAAC;AACpC,KAAK,GAAC,IAAI,KAAK,CAAC,UAAU,CAAC,OAAO,CAAC,CAAC;AACpC,KAAK,GAAC,IAAI,KAAK,CAAC,UAAU,CAAC,OAAO,CAAC,CAAC;AACpC,KAAK,GAAC,IAAI,KAAK,CAAC,UAAU,CAAC,OAAO,CAAC,CAAC","file":"/server/collections.js.map","sourcesContent":["/**\r\n * Created by BaoADR01 on 3/3/2016.\r\n */\r\nNhaXe=new Mongo.Collection(\"nhaxe\");\r\nTuyen=new Mongo.Collection(\"tuyen\");\r\nChuyen=new Mongo.Collection(\"chuyen\");\r\nNhaXe=new Mongo.Collection(\"nhaxe\");\r\nNhaXe=new Mongo.Collection(\"nhaxe\");\r\nNhaXe=new Mongo.Collection(\"nhaxe\");\r\nNhaXe=new Mongo.Collection(\"nhaxe\");\r\nNhaXe=new Mongo.Collection(\"nhaxe\");"]},"hash":"84861c26b70d4933964c985dec102c97d6bb9b49"}
