{"metadata":{"modules":{"imports":[],"exports":{"exported":[],"specifiers":[]}},"usedHelpers":[]},"ignored":false,"code":"/**\r\n * Created by BaoADR01 on 3/3/2016.\r\n */\nNhaXe = new Mongo.Collection(\"nhaxe\");\nTuyen = new Mongo.Collection(\"tuyen\");\nChuyen = new Mongo.Collection(\"chuyen\");\nDiemDung_TG = new Mongo.Collection(\"diemdung_tg\");\nXe = new Mongo.Collection(\"xe\");\nXe_Chuyen = new Mongo.Collection(\"xe_chuyen\");\nLaiXe = new Mongo.Collection(\"laixe\");\nTaxi = new Mongo.Collection(\"nhaxe\");","ast":null,"map":{"version":3,"sources":["/server/collections.js"],"names":[],"mappings":";;;AAGA,KAAK,GAAC,IAAI,KAAK,CAAC,UAAU,CAAC,OAAO,CAAC,CAAC;AACpC,KAAK,GAAC,IAAI,KAAK,CAAC,UAAU,CAAC,OAAO,CAAC,CAAC;AACpC,MAAM,GAAC,IAAI,KAAK,CAAC,UAAU,CAAC,QAAQ,CAAC,CAAC;AACtC,WAAW,GAAC,IAAI,KAAK,CAAC,UAAU,CAAC,aAAa,CAAC,CAAC;AAChD,EAAE,GAAC,IAAI,KAAK,CAAC,UAAU,CAAC,IAAI,CAAC,CAAC;AAC9B,SAAS,GAAC,IAAI,KAAK,CAAC,UAAU,CAAC,WAAW,CAAC,CAAC;AAC5C,KAAK,GAAC,IAAI,KAAK,CAAC,UAAU,CAAC,OAAO,CAAC,CAAC;AACpC,IAAI,GAAC,IAAI,KAAK,CAAC,UAAU,CAAC,OAAO,CAAC,CAAC","file":"/server/collections.js.map","sourcesContent":["/**\r\n * Created by BaoADR01 on 3/3/2016.\r\n */\r\nNhaXe=new Mongo.Collection(\"nhaxe\");\r\nTuyen=new Mongo.Collection(\"tuyen\");\r\nChuyen=new Mongo.Collection(\"chuyen\");\r\nDiemDung_TG=new Mongo.Collection(\"diemdung_tg\");\r\nXe=new Mongo.Collection(\"xe\");\r\nXe_Chuyen=new Mongo.Collection(\"xe_chuyen\");\r\nLaiXe=new Mongo.Collection(\"laixe\");\r\nTaxi=new Mongo.Collection(\"nhaxe\");"]},"hash":"a742ea08c00128d67d735af468cdc1904801945c"}
