{"metadata":{"modules":{"imports":[],"exports":{"exported":[],"specifiers":[]}},"usedHelpers":[]},"ignored":false,"code":"/**\r\n* Created by BaoADR01 on 3/3/2016.\r\n*/\nMeteor.startup(function () {\n  console.log('Server started');\n  // #Storing Data -> Adding example posts\n  if (NhaXe.find().count() === 0) {\n    console.log('Adding dummy posts');\n    var dataNhaXe = [{\n      MaNhaXe: 'NX01',\n      TenNhaXe: 'Gia Tặng',\n      DiaChi: 'Nam Định',\n      DienThoai: '01668082122'\n    }, {\n      MaNhaXe: 'NX02',\n      TenNhaXe: 'Phương Trang',\n      DiaChi: 'Hải Dương',\n      DienThoai: '097623133'\n    }, {\n      MaNhaXe: 'NX03',\n      TenNhaXe: 'Minh Phước',\n      DiaChi: 'Thái Bình',\n      DienThoai: '01248542161'\n    }];\n    // we add the dummyPosts to our database\n    _.each(dataNhaXe, function (post) {\n      NhaXe.insert(post);\n    });\n  }\n  //--------------------------------------------------------------------------------------------\n\n  if (Tuyen.find().count() === 0) {\n    console.log('Adding Tuyen');\n    var TUYEN = [{\n      MaTuyen: 'TUYEN01',\n      TenTuyen: 'THÁI BÌNH - VINH',\n      MaNhaXe: 'NX01'\n    }, {\n      MaTuyen: 'TUYEN02',\n      TenTuyen: 'THAI BÌNH - QUẢNG NINH',\n      MaNhaXe: 'NX01'\n    }, {\n      MaTuyen: 'TUYEN03',\n      TenTuyen: 'THÁI BÌNH - HÀ NỘI',\n      MaNhaXe: 'NX02'\n    }, {\n      MaTuyen: 'TUYEN04',\n      TenTuyen: 'HẢI DƯƠNG - VINH',\n      MaNhaXe: 'NX03'\n    }];\n\n    _.each(TUYEN, function (post) {\n      Tuyen.insert(post);\n    });\n  }\n  //----------------------------------------------------------------------------------------\n  if (Diemdung_TG.find().count() === 0) {\n    console.log('Adding Diemdung_TG');\n    var DiemUNG_THOIGIAN = [{\n      MaDiem: 'Diem01',\n      ThoiGian: '10:25:00'\n    }, {\n      MaDiem: 'Diem02',\n      ThoiGian: '11:10:00'\n    }, {\n      MaDiem: 'Diem03',\n      ThoiGian: '11:55:00'\n    }, {\n      MaDiem: 'Diem04',\n      ThoiGian: '13:40:00'\n    }, {\n      MaDiem: 'Diem05',\n      ThoiGian: '16:40:00'\n    }, {\n      MaDiem: 'Diem06',\n      ThoiGian: '10:45:00'\n    }, {\n      MaDiem: 'Diem07',\n      ThoiGian: '11:20:00'\n    }, {\n      MaDiem: 'Diem08',\n      ThoiGian: '12:15:00'\n    }, {\n      MaDiem: 'Diem09',\n      ThoiGian: '14:00:00'\n    }, {\n      MaDiem: 'Diem10',\n      ThoiGian: '17:00:00'\n    }];\n    _.each(DiemUNG_THOIGIAN, function (post) {\n      Diemdung_TG.insert(post);\n    });\n  }\n  //---------------------------------------------------------------------------------\n  if (DiemDung.find().count() === 0) {\n    console.log('Adding DiemDung');\n    var DiemDUNG = [{\n      MaDiem: 'Diem01',\n      MaChuyen: 'CHUYEN01',\n      TenDiem: 'Thái Bình',\n      STT: 1\n    }, {\n      MaDiem: 'Diem02',\n      MaChuyen: 'CHUYEN01',\n      TenDiem: 'Nam Định',\n      STT: 2\n    }, {\n      MaDiem: 'Diem03',\n      MaChuyen: 'CHUYEN01',\n      TenDiem: 'Đại lý Rừng và Biển',\n      STT: 3\n    }, {\n      MaDiem: 'Diem04',\n      MaChuyen: 'CHUYEN01',\n      TenDiem: 'Văn phòng Thanh Hóa',\n      STT: 4\n    }, {\n      MaDiem: 'Diem05',\n      MaChuyen: 'CHUYEN01',\n      TenDiem: 'Văn phòng Vinh',\n      STT: 5\n    }, {\n      MaDiem: 'Diem06',\n      MaChuyen: 'CHUYEN02',\n      TenDiem: 'Thái Bình',\n      STT: 1\n    }, {\n      MaDiem: 'Diem07',\n      MaChuyen: 'CHUYEN02',\n      TenDiem: 'Nam Định',\n      STT: 2\n    }, {\n      MaDiem: 'Diem08',\n      MaChuyen: 'CHUYEN02',\n      TenDiem: 'Đại lý Rừng và Biển',\n      STT: 3\n    }, {\n      MaDiem: 'Diem09',\n      MaChuyen: 'CHUYEN02',\n      TenDiem: 'Văn phòng Thanh Hóa',\n      STT: 4\n    }, {\n      MaDiem: 'Diem10',\n      MaChuyen: 'CHUYEN02',\n      TenDiem: 'Văn phòng Vinh',\n      STT: 5\n    }];\n    _.each(DiemDUNG, function (post) {\n      DiemDung.insert(post);\n    });\n  }\n  //--------------------------------------------------------------------------------------------\n  if (Chuyen.find().count() === 0) {\n    console.log('Adding Chuyen');\n    var CHUYEN = [{\n      MaChuyen: 'CHUYEN01',\n      MaTuyen: 'TUYEN01',\n      TenChuyen: 'CHUYEN01',\n      DiemDau: 'THÁI BÌNH',\n      DiemCuoi: 'VINH'\n    }, {\n      MaChuyen: 'CHUYEN02',\n      MaTuyen: 'TUYEN01',\n      TenChuyen: 'CHUYEN01',\n      DiemDau: 'THÁI BÌNH',\n      DiemCuoi: 'VINH'\n    }, {\n      MaChuyen: 'CHUYEN03',\n      MaTuyen: 'TUYEN02',\n      TenChuyen: 'CHUYEN01',\n      DiemDau: 'THÁI BÌNH',\n      DiemCuoi: 'QUẢNG NINH'\n    }, {\n      MaChuyen: 'CHUYEN04',\n      MaTuyen: 'TUYEN03',\n      TenChuyen: 'CHUYEN01',\n      DiemDau: 'THÁI BÌNH',\n      DiemCuoi: 'HÀ NỘI'\n    }, {\n      MaChuyen: 'CHUYEN05',\n      MaTuyen: 'TUYEN04',\n      TenChuyen: 'CHUYEN01',\n      DiemDau: 'HẢI DƯƠNG',\n      DiemCuoi: 'VINH'\n    }];\n    _.each(CHUYEN, function (post) {\n      Chuyen.insert(post);\n    });\n  }\n  //------------------------------------------------------------------------------\n  if (LaiXe.find().count() === 0) {\n    console.log('Adding LaiXe');\n    var LAIXE = [{\n      MaLX: 'LX01',\n      TenLX: 'NGUYEN VAN A',\n      Sdt: '24543214',\n      Tuoi: 32\n    }, {\n      MaLX: 'LX02',\n      TenLX: 'NGUYEN VAN B',\n      Sdt: '24543214',\n      Tuoi: 32\n    }, {\n      MaLX: 'LX03',\n      TenLX: 'NGUYEN VAN C',\n      Sdt: '24543214',\n      Tuoi: 32\n    }, {\n      MaLX: 'LX04',\n      TenLX: 'NGUYEN VAN D',\n      Sdt: '24543214',\n      Tuoi: 32\n    }, {\n      MaLX: 'LX05',\n      TenLX: 'NGUYEN VAN E',\n      Sdt: '24543214',\n      Tuoi: 32\n    }, {\n      MaLX: 'LX06',\n      TenLX: 'NGUYEN VAN F',\n      Sdt: '24543214',\n      Tuoi: 32\n    }, {\n      MaLX: 'LX07',\n      TenLX: 'NGUYEN VAN G',\n      Sdt: '24543214',\n      Tuoi: 32\n    }, {\n      MaLX: 'LX08',\n      TenLX: 'NGUYEN VAN H',\n      Sdt: '24543214',\n      Tuoi: 32\n    }, {\n      MaLX: 'LX09',\n      TenLX: 'NGUYEN VAN I',\n      Sdt: '24543214',\n      Tuoi: 32\n    }];\n\n    _.each(LAIXE, function (post) {\n      LaiXe.insert(post);\n    });\n  }\n  //---------------------------------------------------\n\n  if (Xe_Chuyen.find().count() === 0) {\n    console.log('Adding Xe_Chuyen');\n    var XE_CHUYEN = [{\n      Ma: 'XECHUYEN01',\n      MaXe: 'XE01',\n      MaChuyen: 'CHUYEN01',\n      NhanXet: 'OK',\n      Diem: 5\n    }, {\n      Ma: 'XECHUYEN02',\n      MaXe: 'XE02',\n      MaChuyen: 'CHUYEN01',\n      NhanXet: 'OK',\n      Diem: 5\n    }, {\n      Ma: 'XECHUYEN03',\n      MaXe: 'XE03',\n      MaChuyen: 'CHUYEN01',\n      NhanXet: 'OK',\n      Diem: 5\n    }, {\n      Ma: 'XECHUYEN04',\n      MaXe: 'XE04',\n      MaChuyen: 'CHUYEN02',\n      NhanXet: 'OK',\n      Diem: 5\n    }, {\n      Ma: 'XECHUYEN05',\n      MaXe: 'XE05',\n      MaChuyen: 'CHUYEN02',\n      NhanXet: 'OK',\n      Diem: 5\n    }, {\n      Ma: 'XECHUYEN06',\n      MaXe: 'XE06',\n      MaChuyen: 'CHUYEN03',\n      NhanXet: 'OK',\n      Diem: 5\n    }];\n\n    _.each(XE_CHUYEN, function (post) {\n      Xe_Chuyen.insert(post);\n    });\n  }\n  //-----------------------------------------------------------------------------------------\n});","ast":null,"map":{"version":3,"sources":["/server/main.js"],"names":[],"mappings":";;;AAGM,MAAM,CAAC,OAAO,CAAC,YAAY;AACzB,SAAO,CAAC,GAAG,CAAC,gBAAgB,CAAC,CAAC;;AAE9B,MAAG,KAAK,CAAC,IAAI,EAAE,CAAC,KAAK,EAAE,KAAK,CAAC,EAAE;AAC7B,WAAO,CAAC,GAAG,CAAC,oBAAoB,CAAC,CAAC;AAClC,QAAI,SAAS,GAAG,CACd;AACE,aAAO,EAAE,MAAM;AACb,cAAQ,EAAE,UAAU;AACtB,YAAM,EAAE,UAAU;AAClB,eAAS,EAAE,aAAa;KACzB,EACD;AACE,aAAO,EAAE,MAAM;AACb,cAAQ,EAAE,cAAc;AAC1B,YAAM,EAAE,WAAW;AACnB,eAAS,EAAE,WAAW;KACvB,EACD;AACE,aAAO,EAAE,MAAM;AACf,cAAQ,EAAE,YAAY;AACtB,YAAM,EAAE,WAAW;AACnB,eAAS,EAAE,aAAa;KACzB,CACF,CAAC;;AAEF,KAAC,CAAC,IAAI,CAAC,SAAS,EAAE,UAAS,IAAI,EAAC;AAC9B,WAAK,CAAC,MAAM,CAAC,IAAI,CAAC,CAAC;KACpB,CAAC,CAAC;GACJ;;;AAGD,MAAG,KAAK,CAAC,IAAI,EAAE,CAAC,KAAK,EAAE,KAAK,CAAC,EAAE;AAC7B,WAAO,CAAC,GAAG,CAAC,cAAc,CAAC,CAAC;AAC5B,QAAI,KAAK,GAAC,CACR;AACE,aAAO,EAAC,SAAS;AACjB,cAAQ,EAAC,kBAAkB;AAC3B,aAAO,EAAC,MAAM;KACf,EACD;AACE,aAAO,EAAC,SAAS;AACjB,cAAQ,EAAC,wBAAwB;AACjC,aAAO,EAAC,MAAM;KACf,EAAK;AACJ,aAAO,EAAC,SAAS;AACjB,cAAQ,EAAC,oBAAoB;AAC7B,aAAO,EAAC,MAAM;KACf,EAAC;AACA,aAAO,EAAC,SAAS;AACjB,cAAQ,EAAC,kBAAkB;AAC3B,aAAO,EAAC,MAAM;KACf,CACF,CAAC;;AAEF,KAAC,CAAC,IAAI,CAAC,KAAK,EAAE,UAAS,IAAI,EAAC;AAC1B,WAAK,CAAC,MAAM,CAAC,IAAI,CAAC,CAAC;KACpB,CAAC,CAAC;GACJ;;AAED,MAAG,WAAW,CAAC,IAAI,EAAE,CAAC,KAAK,EAAE,KAAK,CAAC,EAAE;AACnC,WAAO,CAAC,GAAG,CAAC,oBAAoB,CAAC,CAAC;AACpC,QAAI,gBAAgB,GAAC,CACnB;AACE,YAAM,EAAG,QAAQ;AACjB,cAAQ,EAAG,UAAU;KACtB,EAAC;AACA,YAAM,EAAG,QAAQ;AACjB,cAAQ,EAAG,UAAU;KACtB,EAAC;AACA,YAAM,EAAG,QAAQ;AACjB,cAAQ,EAAG,UAAU;KACtB,EAAC;AACA,YAAM,EAAG,QAAQ;AACjB,cAAQ,EAAG,UAAU;KACtB,EAAC;AACA,YAAM,EAAG,QAAQ;AACjB,cAAQ,EAAG,UAAU;KACtB,EAAC;AACA,YAAM,EAAG,QAAQ;AACjB,cAAQ,EAAG,UAAU;KACtB,EAAC;AACA,YAAM,EAAG,QAAQ;AACjB,cAAQ,EAAG,UAAU;KACtB,EAAC;AACA,YAAM,EAAG,QAAQ;AACjB,cAAQ,EAAG,UAAU;KACtB,EAAC;AACA,YAAM,EAAG,QAAQ;AACjB,cAAQ,EAAG,UAAU;KACtB,EAAC;AACA,YAAM,EAAG,QAAQ;AACjB,cAAQ,EAAG,UAAU;KACtB,CACF,CAAC;AACF,KAAC,CAAC,IAAI,CAAC,gBAAgB,EAAE,UAAS,IAAI,EAAC;AACrC,iBAAW,CAAC,MAAM,CAAC,IAAI,CAAC,CAAC;KAC1B,CAAC,CAAC;GACJ;;AAEP,MAAG,QAAQ,CAAC,IAAI,EAAE,CAAC,KAAK,EAAE,KAAK,CAAC,EAAE;AAChC,WAAO,CAAC,GAAG,CAAC,iBAAiB,CAAC,CAAC;AACzB,QAAI,QAAQ,GAAC,CACX;AACE,YAAM,EAAE,QAAQ;AAChB,cAAQ,EAAG,UAAU;AACrB,aAAO,EAAG,WAAW;AACrB,SAAG,EAAG,CAAC;KACR,EAAC;AACA,YAAM,EAAE,QAAQ;AAChB,cAAQ,EAAG,UAAU;AACrB,aAAO,EAAG,UAAU;AACpB,SAAG,EAAG,CAAC;KACR,EAAC;AACA,YAAM,EAAE,QAAQ;AAChB,cAAQ,EAAG,UAAU;AACrB,aAAO,EAAG,qBAAqB;AAC/B,SAAG,EAAG,CAAC;KACR,EAAC;AACA,YAAM,EAAE,QAAQ;AAChB,cAAQ,EAAG,UAAU;AACrB,aAAO,EAAG,qBAAqB;AAC/B,SAAG,EAAG,CAAC;KACR,EAAC;AACA,YAAM,EAAE,QAAQ;AAChB,cAAQ,EAAG,UAAU;AACrB,aAAO,EAAG,gBAAgB;AAC1B,SAAG,EAAG,CAAC;KACR,EAAC;AACA,YAAM,EAAE,QAAQ;AAChB,cAAQ,EAAG,UAAU;AACrB,aAAO,EAAG,WAAW;AACrB,SAAG,EAAG,CAAC;KACR,EAAC;AACA,YAAM,EAAE,QAAQ;AAChB,cAAQ,EAAG,UAAU;AACrB,aAAO,EAAG,UAAU;AACpB,SAAG,EAAG,CAAC;KACR,EAAC;AACA,YAAM,EAAE,QAAQ;AAChB,cAAQ,EAAG,UAAU;AACrB,aAAO,EAAG,qBAAqB;AAC/B,SAAG,EAAG,CAAC;KACR,EAAC;AACA,YAAM,EAAE,QAAQ;AAChB,cAAQ,EAAG,UAAU;AACrB,aAAO,EAAG,qBAAqB;AAC/B,SAAG,EAAG,CAAC;KACR,EAAC;AACA,YAAM,EAAE,QAAQ;AAChB,cAAQ,EAAG,UAAU;AACrB,aAAO,EAAG,gBAAgB;AAC1B,SAAG,EAAG,CAAC;KACR,CACF,CAAC;AACF,KAAC,CAAC,IAAI,CAAC,QAAQ,EAAE,UAAS,IAAI,EAAC;AAC7B,cAAQ,CAAC,MAAM,CAAC,IAAI,CAAC,CAAC;KACvB,CAAC,CAAC;GACJ;;AAED,MAAG,MAAM,CAAC,IAAI,EAAE,CAAC,KAAK,EAAE,KAAK,CAAC,EAAE;AAC9B,WAAO,CAAC,GAAG,CAAC,eAAe,CAAC,CAAC;AAC7B,QAAI,MAAM,GAAC,CACT;AACE,cAAQ,EAAG,UAAU;AACrB,aAAO,EAAG,SAAS;AACnB,eAAS,EAAG,UAAU;AACtB,aAAO,EAAG,WAAW;AACrB,cAAQ,EAAG,MAAM;KAClB,EAAC;AACA,cAAQ,EAAG,UAAU;AACrB,aAAO,EAAG,SAAS;AACnB,eAAS,EAAG,UAAU;AACtB,aAAO,EAAG,WAAW;AACrB,cAAQ,EAAG,MAAM;KAClB,EAAC;AACA,cAAQ,EAAG,UAAU;AACrB,aAAO,EAAG,SAAS;AACnB,eAAS,EAAG,UAAU;AACtB,aAAO,EAAG,WAAW;AACrB,cAAQ,EAAG,YAAY;KACxB,EAAC;AACA,cAAQ,EAAG,UAAU;AACrB,aAAO,EAAG,SAAS;AACnB,eAAS,EAAG,UAAU;AACtB,aAAO,EAAG,WAAW;AACrB,cAAQ,EAAG,QAAQ;KACpB,EAAC;AACA,cAAQ,EAAG,UAAU;AACrB,aAAO,EAAG,SAAS;AACnB,eAAS,EAAG,UAAU;AACtB,aAAO,EAAG,WAAW;AACrB,cAAQ,EAAG,MAAM;KAClB,CACF,CAAC;AACF,KAAC,CAAC,IAAI,CAAC,MAAM,EAAE,UAAS,IAAI,EAAC;AAC3B,YAAM,CAAC,MAAM,CAAC,IAAI,CAAC,CAAC;KACrB,CAAC,CAAC;GACJ;;AAED,MAAG,KAAK,CAAC,IAAI,EAAE,CAAC,KAAK,EAAE,KAAK,CAAC,EAAE;AAC7B,WAAO,CAAC,GAAG,CAAC,cAAc,CAAC,CAAC;AAC5B,QAAI,KAAK,GAAC,CACR;AACE,UAAI,EAAE,MAAM;AACZ,WAAK,EAAG,cAAc;AACtB,SAAG,EAAC,UAAU;AACd,UAAI,EAAC,EAAE;KACR,EAAC;AACA,UAAI,EAAE,MAAM;AACZ,WAAK,EAAG,cAAc;AACtB,SAAG,EAAC,UAAU;AACd,UAAI,EAAC,EAAE;KACR,EAAC;AACA,UAAI,EAAE,MAAM;AACZ,WAAK,EAAG,cAAc;AACtB,SAAG,EAAC,UAAU;AACd,UAAI,EAAC,EAAE;KACR,EAAC;AACA,UAAI,EAAE,MAAM;AACZ,WAAK,EAAG,cAAc;AACtB,SAAG,EAAC,UAAU;AACd,UAAI,EAAC,EAAE;KACR,EAAC;AACA,UAAI,EAAE,MAAM;AACZ,WAAK,EAAG,cAAc;AACtB,SAAG,EAAC,UAAU;AACd,UAAI,EAAC,EAAE;KACR,EAAC;AACA,UAAI,EAAE,MAAM;AACZ,WAAK,EAAG,cAAc;AACtB,SAAG,EAAC,UAAU;AACd,UAAI,EAAC,EAAE;KACR,EAAC;AACA,UAAI,EAAE,MAAM;AACZ,WAAK,EAAG,cAAc;AACtB,SAAG,EAAC,UAAU;AACd,UAAI,EAAC,EAAE;KACR,EAAC;AACA,UAAI,EAAE,MAAM;AACZ,WAAK,EAAG,cAAc;AACtB,SAAG,EAAC,UAAU;AACd,UAAI,EAAC,EAAE;KACR,EAAC;AACA,UAAI,EAAE,MAAM;AACZ,WAAK,EAAG,cAAc;AACtB,SAAG,EAAC,UAAU;AACd,UAAI,EAAC,EAAE;KACR,CACF,CAAC;;AAEF,KAAC,CAAC,IAAI,CAAC,KAAK,EAAE,UAAS,IAAI,EAAC;AAC1B,WAAK,CAAC,MAAM,CAAC,IAAI,CAAC,CAAC;KACpB,CAAC,CAAC;GACJ;;;AAGC,MAAG,SAAS,CAAC,IAAI,EAAE,CAAC,KAAK,EAAE,KAAK,CAAC,EAAE;AACjC,WAAO,CAAC,GAAG,CAAC,kBAAkB,CAAC,CAAC;AAClC,QAAI,SAAS,GAAC,CACZ;AACE,QAAE,EAAC,YAAY;AACf,UAAI,EAAC,MAAM;AACX,cAAQ,EAAC,UAAU;AACnB,aAAO,EAAC,IAAI;AACZ,UAAI,EAAC,CAAC;KACP,EAAC;AACA,QAAE,EAAC,YAAY;AACf,UAAI,EAAC,MAAM;AACX,cAAQ,EAAC,UAAU;AACnB,aAAO,EAAC,IAAI;AACZ,UAAI,EAAC,CAAC;KACP,EAAC;AACA,QAAE,EAAC,YAAY;AACf,UAAI,EAAC,MAAM;AACX,cAAQ,EAAC,UAAU;AACnB,aAAO,EAAC,IAAI;AACZ,UAAI,EAAC,CAAC;KACP,EAAC;AACA,QAAE,EAAC,YAAY;AACf,UAAI,EAAC,MAAM;AACX,cAAQ,EAAC,UAAU;AACnB,aAAO,EAAC,IAAI;AACZ,UAAI,EAAC,CAAC;KACP,EAAC;AACA,QAAE,EAAC,YAAY;AACf,UAAI,EAAC,MAAM;AACX,cAAQ,EAAC,UAAU;AACnB,aAAO,EAAC,IAAI;AACZ,UAAI,EAAC,CAAC;KACP,EAAC;AACA,QAAE,EAAC,YAAY;AACf,UAAI,EAAC,MAAM;AACX,cAAQ,EAAC,UAAU;AACnB,aAAO,EAAC,IAAI;AACZ,UAAI,EAAC,CAAC;KACP,CACF,CAAC;;AAEF,KAAC,CAAC,IAAI,CAAC,SAAS,EAAE,UAAS,IAAI,EAAC;AAC9B,eAAS,CAAC,MAAM,CAAC,IAAI,CAAC,CAAC;KACxB,CAAC,CAAC;GACJ;;CAGA,CAAC,CAAC","file":"/server/main.js.map","sourcesContent":["      /**\r\n      * Created by BaoADR01 on 3/3/2016.\r\n      */\r\n      Meteor.startup(function () {\r\n        console.log('Server started');\r\n        // #Storing Data -> Adding example posts\r\n        if(NhaXe.find().count() === 0) {\r\n          console.log('Adding dummy posts');\r\n          var dataNhaXe = [\r\n            {\r\n              MaNhaXe: 'NX01',\r\n                TenNhaXe: 'Gia Tặng',\r\n              DiaChi: 'Nam Định',\r\n              DienThoai: '01668082122',\r\n            },\r\n            {\r\n              MaNhaXe: 'NX02',\r\n                TenNhaXe: 'Phương Trang',\r\n              DiaChi: 'Hải Dương',\r\n              DienThoai: '097623133',\r\n            },\r\n            {\r\n              MaNhaXe: 'NX03',\r\n              TenNhaXe: 'Minh Phước',\r\n              DiaChi: 'Thái Bình',\r\n              DienThoai: '01248542161',\r\n            }\r\n          ];\r\n          // we add the dummyPosts to our database\r\n          _.each(dataNhaXe, function(post){\r\n            NhaXe.insert(post);\r\n          });\r\n        }\r\n        //--------------------------------------------------------------------------------------------\r\n\r\n        if(Tuyen.find().count() === 0) {\r\n          console.log('Adding Tuyen');\r\n          var TUYEN=[\r\n            {\r\n              MaTuyen:'TUYEN01',\r\n              TenTuyen:'THÁI BÌNH - VINH',\r\n              MaNhaXe:'NX01'\r\n            },\r\n            {\r\n              MaTuyen:'TUYEN02',\r\n              TenTuyen:'THAI BÌNH - QUẢNG NINH',\r\n              MaNhaXe:'NX01'\r\n            },    {\r\n              MaTuyen:'TUYEN03',\r\n              TenTuyen:'THÁI BÌNH - HÀ NỘI',\r\n              MaNhaXe:'NX02'\r\n            },{\r\n              MaTuyen:'TUYEN04',\r\n              TenTuyen:'HẢI DƯƠNG - VINH',\r\n              MaNhaXe:'NX03'\r\n            }\r\n          ];\r\n\r\n          _.each(TUYEN, function(post){\r\n            Tuyen.insert(post);\r\n          });\r\n        }\r\n        //----------------------------------------------------------------------------------------\r\n        if(Diemdung_TG.find().count() === 0) {\r\n          console.log('Adding Diemdung_TG');\r\n        var DiemUNG_THOIGIAN=[\r\n          {\r\n            MaDiem : 'Diem01',\r\n            ThoiGian : '10:25:00'\r\n          },{\r\n            MaDiem : 'Diem02',\r\n            ThoiGian : '11:10:00'\r\n          },{\r\n            MaDiem : 'Diem03',\r\n            ThoiGian : '11:55:00'\r\n          },{\r\n            MaDiem : 'Diem04',\r\n            ThoiGian : '13:40:00'\r\n          },{\r\n            MaDiem : 'Diem05',\r\n            ThoiGian : '16:40:00'\r\n          },{\r\n            MaDiem : 'Diem06',\r\n            ThoiGian : '10:45:00'\r\n          },{\r\n            MaDiem : 'Diem07',\r\n            ThoiGian : '11:20:00'\r\n          },{\r\n            MaDiem : 'Diem08',\r\n            ThoiGian : '12:15:00'\r\n          },{\r\n            MaDiem : 'Diem09',\r\n            ThoiGian : '14:00:00'\r\n          },{\r\n            MaDiem : 'Diem10',\r\n            ThoiGian : '17:00:00'\r\n          }\r\n        ];\r\n        _.each(DiemUNG_THOIGIAN, function(post){\r\n          Diemdung_TG.insert(post);\r\n        });\r\n      }\r\n//---------------------------------------------------------------------------------\r\nif(DiemDung.find().count() === 0) {\r\n  console.log('Adding DiemDung');\r\n        var DiemDUNG=[\r\n          {\r\n            MaDiem :'Diem01',\r\n            MaChuyen : 'CHUYEN01',\r\n            TenDiem : 'Thái Bình',\r\n            STT : 1\r\n          },{\r\n            MaDiem :'Diem02',\r\n            MaChuyen : 'CHUYEN01',\r\n            TenDiem : 'Nam Định',\r\n            STT : 2\r\n          },{\r\n            MaDiem :'Diem03',\r\n            MaChuyen : 'CHUYEN01',\r\n            TenDiem : 'Đại lý Rừng và Biển',\r\n            STT : 3\r\n          },{\r\n            MaDiem :'Diem04',\r\n            MaChuyen : 'CHUYEN01',\r\n            TenDiem : 'Văn phòng Thanh Hóa',\r\n            STT : 4\r\n          },{\r\n            MaDiem :'Diem05',\r\n            MaChuyen : 'CHUYEN01',\r\n            TenDiem : 'Văn phòng Vinh',\r\n            STT : 5\r\n          },{\r\n            MaDiem :'Diem06',\r\n            MaChuyen : 'CHUYEN02',\r\n            TenDiem : 'Thái Bình',\r\n            STT : 1\r\n          },{\r\n            MaDiem :'Diem07',\r\n            MaChuyen : 'CHUYEN02',\r\n            TenDiem : 'Nam Định',\r\n            STT : 2\r\n          },{\r\n            MaDiem :'Diem08',\r\n            MaChuyen : 'CHUYEN02',\r\n            TenDiem : 'Đại lý Rừng và Biển',\r\n            STT : 3\r\n          },{\r\n            MaDiem :'Diem09',\r\n            MaChuyen : 'CHUYEN02',\r\n            TenDiem : 'Văn phòng Thanh Hóa',\r\n            STT : 4\r\n          },{\r\n            MaDiem :'Diem10',\r\n            MaChuyen : 'CHUYEN02',\r\n            TenDiem : 'Văn phòng Vinh',\r\n            STT : 5\r\n          }\r\n        ];\r\n        _.each(DiemDUNG, function(post){\r\n          DiemDung.insert(post);\r\n        });\r\n      }\r\n      //--------------------------------------------------------------------------------------------\r\n      if(Chuyen.find().count() === 0) {\r\n        console.log('Adding Chuyen');\r\n        var CHUYEN=[\r\n          {\r\n            MaChuyen : 'CHUYEN01',\r\n            MaTuyen : 'TUYEN01',\r\n            TenChuyen : 'CHUYEN01',\r\n            DiemDau : 'THÁI BÌNH',\r\n            DiemCuoi : 'VINH'\r\n          },{\r\n            MaChuyen : 'CHUYEN02',\r\n            MaTuyen : 'TUYEN01',\r\n            TenChuyen : 'CHUYEN01',\r\n            DiemDau : 'THÁI BÌNH',\r\n            DiemCuoi : 'VINH'\r\n          },{\r\n            MaChuyen : 'CHUYEN03',\r\n            MaTuyen : 'TUYEN02',\r\n            TenChuyen : 'CHUYEN01',\r\n            DiemDau : 'THÁI BÌNH',\r\n            DiemCuoi : 'QUẢNG NINH'\r\n          },{\r\n            MaChuyen : 'CHUYEN04',\r\n            MaTuyen : 'TUYEN03',\r\n            TenChuyen : 'CHUYEN01',\r\n            DiemDau : 'THÁI BÌNH',\r\n            DiemCuoi : 'HÀ NỘI'\r\n          },{\r\n            MaChuyen : 'CHUYEN05',\r\n            MaTuyen : 'TUYEN04',\r\n            TenChuyen : 'CHUYEN01',\r\n            DiemDau : 'HẢI DƯƠNG',\r\n            DiemCuoi : 'VINH'\r\n          }\r\n        ];\r\n        _.each(CHUYEN, function(post){\r\n          Chuyen.insert(post);\r\n        });\r\n      }\r\n      //------------------------------------------------------------------------------\r\n      if(LaiXe.find().count() === 0) {\r\n        console.log('Adding LaiXe');\r\n        var LAIXE=[\r\n          {\r\n            MaLX :'LX01',\r\n            TenLX : 'NGUYEN VAN A',\r\n            Sdt:'24543214',\r\n            Tuoi:32\r\n          },{\r\n            MaLX :'LX02',\r\n            TenLX : 'NGUYEN VAN B',\r\n            Sdt:'24543214',\r\n            Tuoi:32\r\n          },{\r\n            MaLX :'LX03',\r\n            TenLX : 'NGUYEN VAN C',\r\n            Sdt:'24543214',\r\n            Tuoi:32\r\n          },{\r\n            MaLX :'LX04',\r\n            TenLX : 'NGUYEN VAN D',\r\n            Sdt:'24543214',\r\n            Tuoi:32\r\n          },{\r\n            MaLX :'LX05',\r\n            TenLX : 'NGUYEN VAN E',\r\n            Sdt:'24543214',\r\n            Tuoi:32\r\n          },{\r\n            MaLX :'LX06',\r\n            TenLX : 'NGUYEN VAN F',\r\n            Sdt:'24543214',\r\n            Tuoi:32\r\n          },{\r\n            MaLX :'LX07',\r\n            TenLX : 'NGUYEN VAN G',\r\n            Sdt:'24543214',\r\n            Tuoi:32\r\n          },{\r\n            MaLX :'LX08',\r\n            TenLX : 'NGUYEN VAN H',\r\n            Sdt:'24543214',\r\n            Tuoi:32\r\n          },{\r\n            MaLX :'LX09',\r\n            TenLX : 'NGUYEN VAN I',\r\n            Sdt:'24543214',\r\n            Tuoi:32\r\n          }\r\n        ];\r\n\r\n        _.each(LAIXE, function(post){\r\n          LaiXe.insert(post);\r\n        });\r\n      }\r\n        //---------------------------------------------------\r\n\r\n        if(Xe_Chuyen.find().count() === 0) {\r\n          console.log('Adding Xe_Chuyen');\r\n        var XE_CHUYEN=[\r\n          {\r\n            Ma:'XECHUYEN01',\r\n            MaXe:'XE01',\r\n            MaChuyen:'CHUYEN01',\r\n            NhanXet:'OK',\r\n            Diem:5\r\n          },{\r\n            Ma:'XECHUYEN02',\r\n            MaXe:'XE02',\r\n            MaChuyen:'CHUYEN01',\r\n            NhanXet:'OK',\r\n            Diem:5\r\n          },{\r\n            Ma:'XECHUYEN03',\r\n            MaXe:'XE03',\r\n            MaChuyen:'CHUYEN01',\r\n            NhanXet:'OK',\r\n            Diem:5\r\n          },{\r\n            Ma:'XECHUYEN04',\r\n            MaXe:'XE04',\r\n            MaChuyen:'CHUYEN02',\r\n            NhanXet:'OK',\r\n            Diem:5\r\n          },{\r\n            Ma:'XECHUYEN05',\r\n            MaXe:'XE05',\r\n            MaChuyen:'CHUYEN02',\r\n            NhanXet:'OK',\r\n            Diem:5\r\n          },{\r\n            Ma:'XECHUYEN06',\r\n            MaXe:'XE06',\r\n            MaChuyen:'CHUYEN03',\r\n            NhanXet:'OK',\r\n            Diem:5\r\n          }\r\n        ];\r\n\r\n        _.each(XE_CHUYEN, function(post){\r\n          Xe_Chuyen.insert(post);\r\n        });\r\n      }\r\n//-----------------------------------------------------------------------------------------\r\n\r\n      });\r\n"]},"hash":"a7abbc7184deb0091453a6c680b74dbdcf32e3da"}
