{"metadata":{"modules":{"imports":[],"exports":{"exported":[],"specifiers":[]}},"usedHelpers":[]},"ignored":false,"code":"/**\r\n * Created by BaoADR01 on 3/3/2016.\r\n */\nTemplate.menu.helpers({\n    image: function () {}\n});","ast":null,"map":{"version":3,"sources":["/client/templates/menu.js"],"names":[],"mappings":";;;AAGA,QAAQ,CAAC,IAAI,CAAC,OAAO,CAAC;AAClB,SAAK,EAAC,YAAU,EAEf;CACJ,CAAC,CAAC","file":"/client/templates/menu.js.map","sourcesContent":["/**\r\n * Created by BaoADR01 on 3/3/2016.\r\n */\r\nTemplate.menu.helpers({\r\n    image:function(){\r\n\r\n    }\r\n});"]},"hash":"a9104ec170e5ce3c5630ccd1a88a7d64b39e12bc"}
