{"metadata":{"modules":{"imports":[],"exports":{"exported":[],"specifiers":[]}},"usedHelpers":[]},"ignored":false,"code":"/**\r\n * Created by BaoADR01 on 3/3/2016.\r\n */\nMeteor.startup(function () {\n  console.log('Server started');\n});","ast":null,"map":{"version":3,"sources":["/server/main.js"],"names":[],"mappings":";;;AAGA,MAAM,CAAC,OAAO,CAAC,YAAU;AACrB,SAAO,CAAC,GAAG,CAAC,gBAAgB,CAAC,CAAC;CAEjC,CAAC,CAAC","file":"/server/main.js.map","sourcesContent":["/**\r\n * Created by BaoADR01 on 3/3/2016.\r\n */\r\nMeteor.startup(function(){\r\n    console.log('Server started');\r\n\r\n});"]},"hash":"b6bb8fd2806a042bb6ab1b3ac57abbeeaba98549"}
