{"metadata":{"modules":{"imports":[],"exports":{"exported":[],"specifiers":[]}},"usedHelpers":[]},"ignored":false,"code":"if (Meteor.isClient) {\n  // counter starts at 0\n\n}\n\nif (Meteor.isServer) {\n  Meteor.startup(function () {\n    // code to run on server at startup\n  });\n}","ast":null,"map":{"version":3,"sources":["/theway.js"],"names":[],"mappings":"AAAA,IAAI,MAAM,CAAC,QAAQ,EAAE;;;CAGpB;;AAED,IAAI,MAAM,CAAC,QAAQ,EAAE;AACnB,QAAM,CAAC,OAAO,CAAC,YAAY;;GAE1B,CAAC,CAAC;CACJ","file":"/theway.js.map","sourcesContent":["if (Meteor.isClient) {\n  // counter starts at 0\n\n}\n\nif (Meteor.isServer) {\n  Meteor.startup(function () {\n    // code to run on server at startup\n  });\n}\n"]},"hash":"c6407a3154545bb92d640c6945248c599fefe997"}
