{"metadata":{"modules":{"imports":[],"exports":{"exported":[],"specifiers":[]}},"usedHelpers":[]},"ignored":false,"code":"/**\r\n * Created by BaoADR01 on 3/3/2016.\r\n */\nTemplate.menu.helpers({\n    image: function () {\n        return \"3.png\";\n    }\n});","ast":null,"map":{"version":3,"sources":["/client/templates/menu.js"],"names":[],"mappings":";;;AAGA,QAAQ,CAAC,IAAI,CAAC,OAAO,CAAC;AAClB,SAAK,EAAC,YAAU;AACZ,eAAO,OAAO,CAAC;KAClB;CACJ,CAAC,CAAC","file":"/client/templates/menu.js.map","sourcesContent":["/**\r\n * Created by BaoADR01 on 3/3/2016.\r\n */\r\nTemplate.menu.helpers({\r\n    image:function(){\r\n        return \"3.png\";\r\n    }\r\n});"]},"hash":"ca17e795f6f2e369a0891ccbd06efa5cec3274b8"}
