{"metadata":{"modules":{"imports":[],"exports":{"exported":[],"specifiers":[]}},"usedHelpers":[]},"ignored":false,"code":"/**\r\n * Created by BaoADR01 on 3/3/2016.\r\n */\nMeteor.startup(function () {\n    console.log('Server started');\n    // #Storing Data -> Adding example posts\n    if (NhaXe.find().count() === 0) {\n        console.log('Adding dummy posts');\n        var dataNhaXe = [{\n            MaNhaXe: 'NX01',\n            TenNhaXe: 'Gia Tặng',\n            DiaChi: 'Nam Định',\n            DienThoai: '01668082122'\n        }, {\n            MaNhaXe: 'NX02',\n            TenNhaXe: 'Phương Trang',\n            DiaChi: 'Hải Dương',\n            DienThoai: '097623133'\n        }, {\n            MaNhaXe: 'NX03',\n            TenNhaXe: 'Minh Phước',\n            DiaChi: 'Thái Bình',\n            DienThoai: '01248542161'\n        }];\n\n        // we add the dummyPosts to our database\n        _.each(dataNhaXe, function (post) {\n            NhaXe.insert(post);\n        });\n    }\n\n    if (Xe.find().count() === 0) {\n        console.log('Adding DataXe');\n        var DataXe = [{\n            MaXe: 'Xe01',\n            MaNhaXe: 'NX01',\n            TenXe: 'Nam Định-Hà Nội',\n            SoGhe: '48',\n            BKS: '18Z-9247',\n            MaLX: 'LX01',\n            ThoiGianLai: '16h'\n        }, {\n            MaXe: 'Xe02',\n            MaNhaXe: 'NX01',\n            TenXe: 'Nam Định -Quảng Ninh',\n            SoGhe: '36',\n            BKS: '18Z1-7572',\n            MaLX: 'LX02',\n            ThoiGianLai: '8h'\n        }, {\n            MaXe: 'Xe03',\n            MaNhaXe: 'NX01',\n            TenXe: 'Nam Định - Vinh',\n            SoGhe: '48',\n            BKS: '18T1-5236',\n            MaLX: 'LX03',\n            ThoiGianLai: '12h'\n        }, {\n            MaXe: 'Xe04',\n            MaNhaXe: 'NX02',\n            TenXe: 'Hải Dương-Hà Nội',\n            SoGhe: '48',\n            BKS: '34Z-9247',\n            MaLX: 'LX04',\n            ThoiGianLai: '16h'\n        }, {\n            MaXe: 'Xe05',\n            MaNhaXe: 'NX02',\n            TenXe: 'Hải Dương -Quảng Ninh',\n            SoGhe: '36',\n            BKS: '34Z1-7572',\n            MaLX: 'LX05',\n            ThoiGianLai: '8h'\n        }, {\n            MaXe: 'Xe06',\n            MaNhaXe: 'NX03',\n            TenXe: 'Hải Dương - Vinh',\n            SoGhe: '48',\n            BKS: '18T1-5236',\n            MaLX: 'LX06',\n            ThoiGianLai: '12h'\n        }, {\n            MaXe: 'Xe07',\n            MaNhaXe: 'NX03',\n            TenXe: 'Thái Bình-Hà Nội',\n            SoGhe: '48',\n            BKS: '17Z-9247',\n            MaLX: 'LX07',\n            ThoiGianLai: '16h'\n        }, {\n            MaXe: 'Xe08',\n            MaNhaXe: 'NX03',\n            TenXe: 'Thái Bình -Quảng Ninh',\n            SoGhe: '36',\n            BKS: '17Z1-7572',\n            MaLX: 'LX08',\n            ThoiGianLai: '8h'\n        }, {\n            MaXe: 'Xe09',\n            MaNhaXe: 'NX03',\n            TenXe: 'Thái Bình - Vinh',\n            SoGhe: '48',\n            BKS: '18T1-5236',\n            MaLX: 'LX09',\n            ThoiGianLai: '12h'\n        }];\n\n        // we add the dummyPosts to our database\n        _.each(DataXe, function (post) {\n            Xe.insert(post);\n        });\n    }\n\n    console.log(Xe.find().count() + \"--->\");\n});","ast":null,"map":{"version":3,"sources":["/server/main.js"],"names":[],"mappings":";;;AAGA,MAAM,CAAC,OAAO,CAAC,YAAY;AACvB,WAAO,CAAC,GAAG,CAAC,gBAAgB,CAAC,CAAC;;AAE9B,QAAG,KAAK,CAAC,IAAI,EAAE,CAAC,KAAK,EAAE,KAAK,CAAC,EAAE;AAC3B,eAAO,CAAC,GAAG,CAAC,oBAAoB,CAAC,CAAC;AAClC,YAAI,SAAS,GAAG,CACZ;AACI,mBAAO,EAAE,MAAM;AACf,oBAAQ,EAAE,UAAU;AACpB,kBAAM,EAAE,UAAU;AAClB,qBAAS,EAAE,aAAa;SAC3B,EACD;AACI,mBAAO,EAAE,MAAM;AACf,oBAAQ,EAAE,cAAc;AACxB,kBAAM,EAAE,WAAW;AACnB,qBAAS,EAAE,WAAW;SACzB,EACD;AACI,mBAAO,EAAE,MAAM;AACf,oBAAQ,EAAE,YAAY;AACtB,kBAAM,EAAE,WAAW;AACnB,qBAAS,EAAE,aAAa;SAC3B,CACJ,CAAC;;;AAGF,SAAC,CAAC,IAAI,CAAC,SAAS,EAAE,UAAS,IAAI,EAAC;AAC5B,iBAAK,CAAC,MAAM,CAAC,IAAI,CAAC,CAAC;SACtB,CAAC,CAAC;KACN;;AAGD,QAAG,EAAE,CAAC,IAAI,EAAE,CAAC,KAAK,EAAE,KAAK,CAAC,EAAE;AACxB,eAAO,CAAC,GAAG,CAAC,eAAe,CAAC,CAAC;AAC7B,YAAI,MAAM,GAAG,CACT;AACI,gBAAI,EAAE,MAAM;AACZ,mBAAO,EAAE,MAAM;AACf,iBAAK,EAAE,iBAAiB;AACxB,iBAAK,EAAE,IAAI;AACX,eAAG,EAAE,UAAU;AACf,gBAAI,EAAE,MAAM;AACZ,uBAAW,EAAE,KAAK;SACrB,EAAE;AACC,gBAAI,EAAE,MAAM;AACZ,mBAAO,EAAE,MAAM;AACf,iBAAK,EAAE,sBAAsB;AAC7B,iBAAK,EAAE,IAAI;AACX,eAAG,EAAE,WAAW;AAChB,gBAAI,EAAE,MAAM;AACZ,uBAAW,EAAE,IAAI;SACpB,EAAE;AACC,gBAAI,EAAE,MAAM;AACZ,mBAAO,EAAE,MAAM;AACf,iBAAK,EAAE,iBAAiB;AACxB,iBAAK,EAAE,IAAI;AACX,eAAG,EAAE,WAAW;AAChB,gBAAI,EAAE,MAAM;AACZ,uBAAW,EAAE,KAAK;SACrB,EAAE;AACC,gBAAI,EAAE,MAAM;AACZ,mBAAO,EAAE,MAAM;AACf,iBAAK,EAAE,kBAAkB;AACzB,iBAAK,EAAE,IAAI;AACX,eAAG,EAAE,UAAU;AACf,gBAAI,EAAE,MAAM;AACZ,uBAAW,EAAE,KAAK;SACrB,EAAE;AACC,gBAAI,EAAE,MAAM;AACZ,mBAAO,EAAE,MAAM;AACf,iBAAK,EAAE,uBAAuB;AAC9B,iBAAK,EAAE,IAAI;AACX,eAAG,EAAE,WAAW;AAChB,gBAAI,EAAE,MAAM;AACZ,uBAAW,EAAE,IAAI;SACpB,EAAE;AACC,gBAAI,EAAE,MAAM;AACZ,mBAAO,EAAE,MAAM;AACf,iBAAK,EAAE,kBAAkB;AACzB,iBAAK,EAAE,IAAI;AACX,eAAG,EAAE,WAAW;AAChB,gBAAI,EAAE,MAAM;AACZ,uBAAW,EAAE,KAAK;SACrB,EAAE;AACC,gBAAI,EAAE,MAAM;AACZ,mBAAO,EAAE,MAAM;AACf,iBAAK,EAAE,kBAAkB;AACzB,iBAAK,EAAE,IAAI;AACX,eAAG,EAAE,UAAU;AACf,gBAAI,EAAE,MAAM;AACZ,uBAAW,EAAE,KAAK;SACrB,EAAE;AACC,gBAAI,EAAE,MAAM;AACZ,mBAAO,EAAE,MAAM;AACf,iBAAK,EAAE,uBAAuB;AAC9B,iBAAK,EAAE,IAAI;AACX,eAAG,EAAE,WAAW;AAChB,gBAAI,EAAE,MAAM;AACZ,uBAAW,EAAE,IAAI;SACpB,EAAE;AACC,gBAAI,EAAE,MAAM;AACZ,mBAAO,EAAE,MAAM;AACf,iBAAK,EAAE,kBAAkB;AACzB,iBAAK,EAAE,IAAI;AACX,eAAG,EAAE,WAAW;AAChB,gBAAI,EAAE,MAAM;AACZ,uBAAW,EAAE,KAAK;SACrB,CAEJ,CAAC;;;AAGF,SAAC,CAAC,IAAI,CAAC,MAAM,EAAE,UAAS,IAAI,EAAC;AACzB,cAAE,CAAC,MAAM,CAAC,IAAI,CAAC,CAAC;SACnB,CAAC,CAAC;KACN;;AAED,WAAO,CAAC,GAAG,CAAE,EAAE,CAAC,IAAI,EAAE,CAAC,KAAK,EAAE,GAAC,MAAM,CAAC,CAAC;CAE1C,CAAC,CAAC","file":"/server/main.js.map","sourcesContent":["/**\r\n * Created by BaoADR01 on 3/3/2016.\r\n */\r\nMeteor.startup(function () {\r\n    console.log('Server started');\r\n    // #Storing Data -> Adding example posts\r\n    if(NhaXe.find().count() === 0) {\r\n        console.log('Adding dummy posts');\r\n        var dataNhaXe = [\r\n            {\r\n                MaNhaXe: 'NX01',\r\n                TenNhaXe: 'Gia Tặng',\r\n                DiaChi: 'Nam Định',\r\n                DienThoai: '01668082122',\r\n            },\r\n            {\r\n                MaNhaXe: 'NX02',\r\n                TenNhaXe: 'Phương Trang',\r\n                DiaChi: 'Hải Dương',\r\n                DienThoai: '097623133',\r\n            },\r\n            {\r\n                MaNhaXe: 'NX03',\r\n                TenNhaXe: 'Minh Phước',\r\n                DiaChi: 'Thái Bình',\r\n                DienThoai: '01248542161',\r\n            }\r\n        ];\r\n\r\n        // we add the dummyPosts to our database\r\n        _.each(dataNhaXe, function(post){\r\n            NhaXe.insert(post);\r\n        });\r\n    }\r\n\r\n\r\n    if(Xe.find().count() === 0) {\r\n        console.log('Adding DataXe');\r\n        var DataXe = [\r\n            {\r\n                MaXe: 'Xe01',\r\n                MaNhaXe: 'NX01',\r\n                TenXe: 'Nam Định-Hà Nội',\r\n                SoGhe: '48',\r\n                BKS: '18Z-9247',\r\n                MaLX: 'LX01',\r\n                ThoiGianLai: '16h',\r\n            }, {\r\n                MaXe: 'Xe02',\r\n                MaNhaXe: 'NX01',\r\n                TenXe: 'Nam Định -Quảng Ninh',\r\n                SoGhe: '36',\r\n                BKS: '18Z1-7572',\r\n                MaLX: 'LX02',\r\n                ThoiGianLai: '8h',\r\n            }, {\r\n                MaXe: 'Xe03',\r\n                MaNhaXe: 'NX01',\r\n                TenXe: 'Nam Định - Vinh',\r\n                SoGhe: '48',\r\n                BKS: '18T1-5236',\r\n                MaLX: 'LX03',\r\n                ThoiGianLai: '12h',\r\n            }, {\r\n                MaXe: 'Xe04',\r\n                MaNhaXe: 'NX02',\r\n                TenXe: 'Hải Dương-Hà Nội',\r\n                SoGhe: '48',\r\n                BKS: '34Z-9247',\r\n                MaLX: 'LX04',\r\n                ThoiGianLai: '16h',\r\n            }, {\r\n                MaXe: 'Xe05',\r\n                MaNhaXe: 'NX02',\r\n                TenXe: 'Hải Dương -Quảng Ninh',\r\n                SoGhe: '36',\r\n                BKS: '34Z1-7572',\r\n                MaLX: 'LX05',\r\n                ThoiGianLai: '8h',\r\n            }, {\r\n                MaXe: 'Xe06',\r\n                MaNhaXe: 'NX03',\r\n                TenXe: 'Hải Dương - Vinh',\r\n                SoGhe: '48',\r\n                BKS: '18T1-5236',\r\n                MaLX: 'LX06',\r\n                ThoiGianLai: '12h',\r\n            }, {\r\n                MaXe: 'Xe07',\r\n                MaNhaXe: 'NX03',\r\n                TenXe: 'Thái Bình-Hà Nội',\r\n                SoGhe: '48',\r\n                BKS: '17Z-9247',\r\n                MaLX: 'LX07',\r\n                ThoiGianLai: '16h',\r\n            }, {\r\n                MaXe: 'Xe08',\r\n                MaNhaXe: 'NX03',\r\n                TenXe: 'Thái Bình -Quảng Ninh',\r\n                SoGhe: '36',\r\n                BKS: '17Z1-7572',\r\n                MaLX: 'LX08',\r\n                ThoiGianLai: '8h',\r\n            }, {\r\n                MaXe: 'Xe09',\r\n                MaNhaXe: 'NX03',\r\n                TenXe: 'Thái Bình - Vinh',\r\n                SoGhe: '48',\r\n                BKS: '18T1-5236',\r\n                MaLX: 'LX09',\r\n                ThoiGianLai: '12h',\r\n            },\r\n\r\n        ];\r\n\r\n        // we add the dummyPosts to our database\r\n        _.each(DataXe, function(post){\r\n            Xe.insert(post);\r\n        });\r\n    }\r\n\r\n    console.log( Xe.find().count()+\"--->\");\r\n\r\n});"]},"hash":"cf54973de5f8f18451f9902c09317069127a2479"}
