{"metadata":{"modules":{"imports":[],"exports":{"exported":[],"specifiers":[]}},"usedHelpers":[]},"ignored":false,"code":"// This file is autogenerated via the `commonjs` Grunt task. You can require() this file in a CommonJS environment.\nrequire('../../js/transition.js');\nrequire('../../js/alert.js');\nrequire('../../js/button.js');\nrequire('../../js/carousel.js');\nrequire('../../js/collapse.js');\nrequire('../../js/dropdown.js');\nrequire('../../js/modal.js');\nrequire('../../js/tooltip.js');\nrequire('../../js/popover.js');\nrequire('../../js/scrollspy.js');\nrequire('../../js/tab.js');\nrequire('../../js/affix.js');","ast":null,"map":{"version":3,"sources":["/bootstrap/js/npm.js"],"names":[],"mappings":";AACA,OAAO,CAAC,wBAAwB,CAAC,CAAA;AACjC,OAAO,CAAC,mBAAmB,CAAC,CAAA;AAC5B,OAAO,CAAC,oBAAoB,CAAC,CAAA;AAC7B,OAAO,CAAC,sBAAsB,CAAC,CAAA;AAC/B,OAAO,CAAC,sBAAsB,CAAC,CAAA;AAC/B,OAAO,CAAC,sBAAsB,CAAC,CAAA;AAC/B,OAAO,CAAC,mBAAmB,CAAC,CAAA;AAC5B,OAAO,CAAC,qBAAqB,CAAC,CAAA;AAC9B,OAAO,CAAC,qBAAqB,CAAC,CAAA;AAC9B,OAAO,CAAC,uBAAuB,CAAC,CAAA;AAChC,OAAO,CAAC,iBAAiB,CAAC,CAAA;AAC1B,OAAO,CAAC,mBAAmB,CAAC,CAAA","file":"/bootstrap/js/npm.js.map","sourcesContent":["// This file is autogenerated via the `commonjs` Grunt task. You can require() this file in a CommonJS environment.\nrequire('../../js/transition.js')\nrequire('../../js/alert.js')\nrequire('../../js/button.js')\nrequire('../../js/carousel.js')\nrequire('../../js/collapse.js')\nrequire('../../js/dropdown.js')\nrequire('../../js/modal.js')\nrequire('../../js/tooltip.js')\nrequire('../../js/popover.js')\nrequire('../../js/scrollspy.js')\nrequire('../../js/tab.js')\nrequire('../../js/affix.js')"]},"hash":"d1d47cc0295d49e9b7bf9877629681dcc565682c"}
