{"metadata":{"modules":{"imports":[],"exports":{"exported":[],"specifiers":[]}},"usedHelpers":[]},"ignored":false,"code":"/**\r\n * Created by BaoADR01 on 3/3/2016.\r\n */\nMeteor.startup(function () {\n    console.log('Server started');\n    // #Storing Data -> Adding example posts\n    if (NhaXe.find().count() === 0) {\n        console.log('Adding dummy posts');\n        var dataNhaXe = [{\n            MaNhaXe: 'NX01',\n            TenNhaXe: 'Gia Tặng',\n            DiaChi: 'Nam Định',\n            DienThoai: '01668082122'\n        }, {\n            MaNhaXe: 'NX02',\n            TenNhaXe: 'Phương Trang',\n            DiaChi: 'Hải Dương',\n            DienThoai: '097623133'\n        }, {\n            MaNhaXe: 'NX03',\n            TenNhaXe: 'Minh Phước',\n            DiaChi: 'Thái Bình',\n            DienThoai: '01248542161'\n        }];\n\n        // we add the dummyPosts to our database\n        _.each(dataNhaXe, function (post) {\n            NhaXe.insert(post);\n        });\n    }\n\n    if (Xe.find().count() === 0) {\n        console.log('Adding dummy posts');\n        var Xe = [{\n            MaNhaXe: 'NX01',\n            TenNhaXe: 'Gia Tặng',\n            DiaChi: 'Nam Định',\n            DienThoai: '01668082122'\n        }, {\n            MaNhaXe: 'NX02',\n            TenNhaXe: 'Phương Trang',\n            DiaChi: 'Hải Dương',\n            DienThoai: '097623133'\n        }, {\n            MaNhaXe: 'NX03',\n            TenNhaXe: 'Minh Phước',\n            DiaChi: 'Thái Bình',\n            DienThoai: '01248542161'\n        }];\n\n        // we add the dummyPosts to our database\n        _.each(dataNhaXe, function (post) {\n            NhaXe.insert(post);\n        });\n    }\n\n    console.log(NhaXe.find().count() + \"--->\");\n});","ast":null,"map":{"version":3,"sources":["/server/main.js"],"names":[],"mappings":";;;AAGA,MAAM,CAAC,OAAO,CAAC,YAAY;AACvB,WAAO,CAAC,GAAG,CAAC,gBAAgB,CAAC,CAAC;;AAE9B,QAAG,KAAK,CAAC,IAAI,EAAE,CAAC,KAAK,EAAE,KAAK,CAAC,EAAE;AAC3B,eAAO,CAAC,GAAG,CAAC,oBAAoB,CAAC,CAAC;AAClC,YAAI,SAAS,GAAG,CACZ;AACI,mBAAO,EAAE,MAAM;AACf,oBAAQ,EAAE,UAAU;AACpB,kBAAM,EAAE,UAAU;AAClB,qBAAS,EAAE,aAAa;SAC3B,EACD;AACI,mBAAO,EAAE,MAAM;AACf,oBAAQ,EAAE,cAAc;AACxB,kBAAM,EAAE,WAAW;AACnB,qBAAS,EAAE,WAAW;SACzB,EACD;AACI,mBAAO,EAAE,MAAM;AACf,oBAAQ,EAAE,YAAY;AACtB,kBAAM,EAAE,WAAW;AACnB,qBAAS,EAAE,aAAa;SAC3B,CACJ,CAAC;;;AAGF,SAAC,CAAC,IAAI,CAAC,SAAS,EAAE,UAAS,IAAI,EAAC;AAC5B,iBAAK,CAAC,MAAM,CAAC,IAAI,CAAC,CAAC;SACtB,CAAC,CAAC;KACN;;AAGD,QAAG,EAAE,CAAC,IAAI,EAAE,CAAC,KAAK,EAAE,KAAK,CAAC,EAAE;AACxB,eAAO,CAAC,GAAG,CAAC,oBAAoB,CAAC,CAAC;AAClC,YAAI,EAAE,GAAG,CACL;AACI,mBAAO,EAAE,MAAM;AACf,oBAAQ,EAAE,UAAU;AACpB,kBAAM,EAAE,UAAU;AAClB,qBAAS,EAAE,aAAa;SAC3B,EACD;AACI,mBAAO,EAAE,MAAM;AACf,oBAAQ,EAAE,cAAc;AACxB,kBAAM,EAAE,WAAW;AACnB,qBAAS,EAAE,WAAW;SACzB,EACD;AACI,mBAAO,EAAE,MAAM;AACf,oBAAQ,EAAE,YAAY;AACtB,kBAAM,EAAE,WAAW;AACnB,qBAAS,EAAE,aAAa;SAC3B,CACJ,CAAC;;;AAGF,SAAC,CAAC,IAAI,CAAC,SAAS,EAAE,UAAS,IAAI,EAAC;AAC5B,iBAAK,CAAC,MAAM,CAAC,IAAI,CAAC,CAAC;SACtB,CAAC,CAAC;KACN;;AAED,WAAO,CAAC,GAAG,CAAE,KAAK,CAAC,IAAI,EAAE,CAAC,KAAK,EAAE,GAAC,MAAM,CAAC,CAAC;CAE7C,CAAC,CAAC","file":"/server/main.js.map","sourcesContent":["/**\r\n * Created by BaoADR01 on 3/3/2016.\r\n */\r\nMeteor.startup(function () {\r\n    console.log('Server started');\r\n    // #Storing Data -> Adding example posts\r\n    if(NhaXe.find().count() === 0) {\r\n        console.log('Adding dummy posts');\r\n        var dataNhaXe = [\r\n            {\r\n                MaNhaXe: 'NX01',\r\n                TenNhaXe: 'Gia Tặng',\r\n                DiaChi: 'Nam Định',\r\n                DienThoai: '01668082122',\r\n            },\r\n            {\r\n                MaNhaXe: 'NX02',\r\n                TenNhaXe: 'Phương Trang',\r\n                DiaChi: 'Hải Dương',\r\n                DienThoai: '097623133',\r\n            },\r\n            {\r\n                MaNhaXe: 'NX03',\r\n                TenNhaXe: 'Minh Phước',\r\n                DiaChi: 'Thái Bình',\r\n                DienThoai: '01248542161',\r\n            }\r\n        ];\r\n\r\n        // we add the dummyPosts to our database\r\n        _.each(dataNhaXe, function(post){\r\n            NhaXe.insert(post);\r\n        });\r\n    }\r\n\r\n\r\n    if(Xe.find().count() === 0) {\r\n        console.log('Adding dummy posts');\r\n        var Xe = [\r\n            {\r\n                MaNhaXe: 'NX01',\r\n                TenNhaXe: 'Gia Tặng',\r\n                DiaChi: 'Nam Định',\r\n                DienThoai: '01668082122',\r\n            },\r\n            {\r\n                MaNhaXe: 'NX02',\r\n                TenNhaXe: 'Phương Trang',\r\n                DiaChi: 'Hải Dương',\r\n                DienThoai: '097623133',\r\n            },\r\n            {\r\n                MaNhaXe: 'NX03',\r\n                TenNhaXe: 'Minh Phước',\r\n                DiaChi: 'Thái Bình',\r\n                DienThoai: '01248542161',\r\n            }\r\n        ];\r\n\r\n        // we add the dummyPosts to our database\r\n        _.each(dataNhaXe, function(post){\r\n            NhaXe.insert(post);\r\n        });\r\n    }\r\n\r\n    console.log( NhaXe.find().count()+\"--->\");\r\n\r\n});"]},"hash":"f922206ae92acf556566f52d3d37ad0b6139b798"}
